id;title;content;date
1;Singapore Extremadura;../fake-data/blob/hipster.txt;2021-04-20T19:17:51
2;TÃ©cnico;../fake-data/blob/hipster.txt;2021-04-21T00:26:27
3;world-class Gorro;../fake-data/blob/hipster.txt;2021-04-20T13:23:17
4;solutions;../fake-data/blob/hipster.txt;2021-04-20T22:35:54
5;Loan;../fake-data/blob/hipster.txt;2021-04-20T11:49:16
6;Pataca;../fake-data/blob/hipster.txt;2021-04-21T03:11:29
7;Extremadura Glorieta;../fake-data/blob/hipster.txt;2021-04-20T12:34:45
8;repurpose Cuba blockchains;../fake-data/blob/hipster.txt;2021-04-20T11:29:59
9;system;../fake-data/blob/hipster.txt;2021-04-20T13:18:35
10;backing;../fake-data/blob/hipster.txt;2021-04-20T22:56:12
